name     ,  rank,   score, probability, sas_points, surf_atoms,   center_x,   center_y,   center_z, residue_ids, surf_atom_ids
pocket1  ,     1,   92.03,       0.989,        349,        171,   -20.0969,   -19.4021,   -11.1313, A_105 A_106 A_107 A_108 A_118 A_119 A_120 A_126 A_137 A_180 A_183 A_184 A_188 A_212 A_213 A_215 A_216 A_220 A_221 A_223 A_224 A_227 A_230 A_271 A_299 A_301 A_302 A_303 A_304 A_305 A_306 A_309 A_310 A_312 A_313 A_364 A_369 A_370 A_371 A_372 A_373 A_374 A_375 A_434 A_435 A_436 A_437 A_440 A_441 A_442 A_443 A_444 A_447 A_448 A_451 A_482 A_483 A_50 A_57 A_76 A_78 A_79 A_94, 173 228 229 230 231 233 394 396 398 403 412 413 416 418 419 532 619 620 621 622 623 629 631 632 633 634 640 641 642 643 645 647 648 650 653 654 718 719 721 722 723 725 727 728 729 731 734 735 736 737 741 791 795 885 889 1220 1243 1244 1249 1252 1253 1278 1279 1467 1469 1470 1471 1474 1477 1478 1481 1496 1497 1498 1499 1500 1501 1502 1511 1541 1547 1556 1566 1570 1572 1574 1576 1577 1600 1602 1627 1971 1974 1975 2157 2174 2179 2180 2183 2185 2193 2205 2207 2209 2210 2212 2214 2238 2240 2241 2242 2243 2248 2261 2268 2680 2721 2722 2723 2724 2725 2727 2729 2730 2737 2742 2743 2751 2754 2757 2758 2762 2763 2764 2765 2766 2775 3266 3271 3272 3273 3279 3280 3281 3282 3285 3288 3305 3315 3316 3321 3322 3325 3326 3327 3332 3333 3334 3335 3336 3337 3338 3367 3368 3373 3397 3634 3637 3640 3641 3644
pocket2  ,     2,   15.01,       0.579,        100,         44,    -7.0632,   -27.6154,   -20.5013, A_139 A_142 A_347 A_351 A_357 A_361 A_419 A_424 A_427 A_429 A_432 A_435 A_436 A_445 A_446 A_449 A_450 A_453, 902 923 2538 2540 2569 2571 2624 2625 2626 2654 2655 2656 3142 3143 3179 3180 3181 3182 3183 3184 3204 3206 3208 3218 3220 3221 3247 3254 3255 3274 3277 3278 3284 3344 3345 3350 3351 3352 3354 3378 3380 3388 3411 3414
pocket3  ,     3,   10.47,       0.388,         93,         43,   -25.0934,   -23.6885,   -29.6314, A_319 A_320 A_323 A_324 A_366 A_367 A_399 A_403 A_412 A_413 A_414 A_473 A_474 A_475 A_476 A_477 A_478 A_480 A_482 A_483 A_55 A_56 A_57 A_58 A_59 A_62, 213 220 223 234 238 246 247 273 2317 2321 2330 2348 2349 2358 2360 2695 2699 2706 2710 2957 2991 2993 3072 3076 3079 3082 3085 3087 3578 3580 3583 3586 3589 3590 3595 3603 3607 3608 3609 3614 3628 3636 3647
pocket4  ,     4,    7.22,       0.222,         51,         32,   -30.3222,   -34.9168,    -9.5319, A_173 A_174 A_177 A_178 A_181 A_195 A_196 A_199 A_204 A_208 A_211 A_307, 1164 1167 1169 1171 1173 1174 1176 1197 1198 1200 1201 1204 1227 1230 1328 1329 1330 1333 1338 1357 1359 1360 1403 1434 1435 1436 1437 1461 1462 2222 2224 2226
pocket5  ,     5,    6.61,       0.191,         52,         26,   -27.6460,   -17.8052,     5.6409, A_111 A_112 A_113 A_114 A_234 A_237 A_239 A_243 A_246 A_250 A_293, 669 674 677 681 682 683 684 685 686 687 688 693 695 1656 1660 1681 1682 1683 1684 1698 1732 1757 1790 1793 2111 2114
pocket6  ,     6,    6.18,       0.172,         19,         14,   -22.4272,   -31.4413,     2.6048, A_185 A_188 A_203 A_249 A_253 A_299 A_300 A_303, 1255 1257 1277 1278 1279 1393 1395 1781 1784 1817 2158 2159 2166 2192
pocket7  ,     7,    5.93,       0.160,         36,         26,   -28.0922,   -28.5845,   -18.4250, A_173 A_212 A_308 A_311 A_312 A_315 A_369 A_483 A_484 A_485 A_488, 1165 1166 1167 1168 1467 1470 2232 2233 2235 2255 2257 2260 2261 2281 2282 2722 2723 2725 3641 3644 3653 3656 3661 3663 3664 3684
pocket8  ,     8,    3.74,       0.073,         34,         14,   -17.1753,   -42.5886,     0.2397, A_148 A_151 A_186 A_190 A_192 A_268, 967 969 970 971 989 991 1264 1292 1294 1306 1309 1946 1947 1949
pocket9  ,     9,    3.69,       0.071,         45,         23,    -7.4132,   -21.5338,   -34.1173, A_407 A_408 A_409 A_418 A_423 A_426 A_427, 3021 3023 3039 3041 3043 3044 3045 3046 3050 3051 3125 3129 3130 3171 3174 3175 3195 3196 3197 3198 3200 3202 3207
pocket10 ,    10,    3.60,       0.068,         37,         19,   -29.3553,    -4.6326,   -28.7553, A_41 A_42 A_49 A_52 A_54 A_60 A_63 A_64 A_67 A_68, 100 103 106 109 159 161 164 183 186 207 255 256 278 279 282 289 314 317 325
pocket11 ,    11,    3.03,       0.048,         32,         18,   -33.7387,   -17.4630,    -7.8181, A_211 A_212 A_213 A_217 A_219 A_220 A_240 A_242, 1458 1459 1466 1475 1483 1484 1519 1531 1532 1533 1534 1535 1536 1537 1544 1546 1702 1723
pocket12 ,    12,    2.98,       0.046,         34,         18,    -4.3310,   -17.4643,   -15.3999, A_429 A_430 A_436 A_437 A_438 A_439 A_441 A_91 A_95, 510 538 539 3220 3221 3223 3231 3235 3284 3286 3289 3291 3292 3293 3294 3295 3300 3320
pocket13 ,    13,    2.90,       0.044,         33,         18,   -35.0630,   -20.1503,   -20.7404, A_214 A_216 A_478 A_479 A_480 A_484 A_485 A_486 A_54, 203 1492 1506 1507 1508 3612 3615 3616 3617 3619 3620 3621 3625 3626 3657 3661 3668 3671
pocket14 ,    14,    2.79,       0.040,         36,         22,   -16.2108,   -40.1568,     7.7656, A_189 A_190 A_260 A_261 A_266 A_267 A_268 A_273, 1286 1288 1290 1291 1292 1294 1871 1872 1874 1875 1876 1881 1882 1885 1925 1932 1937 1941 1946 1947 1948 1994
pocket15 ,    15,    2.73,       0.039,         40,         17,   -36.4439,   -11.1861,   -22.1319, A_216 A_221 A_479 A_480 A_50 A_51 A_53 A_54, 169 171 175 177 178 181 191 192 200 201 203 204 1507 1508 1555 3620 3626
pocket16 ,    16,    2.65,       0.036,         45,         33,   -19.6385,   -52.0729,   -17.1785, A_154 A_157 A_158 A_161 A_342 A_458 A_462 A_463 A_495 A_496 A_497 A_498, 1011 1013 1014 1015 1016 1036 1037 1038 1040 1041 1071 1072 1073 1074 1075 2499 2500 2501 2502 2504 3452 3482 3483 3484 3485 3486 3493 3741 3742 3746 3757 3763 3765
pocket17 ,    17,    2.24,       0.025,         30,         17,   -26.7762,   -36.0787,     6.4461, A_189 A_191 A_193 A_201 A_203 A_248 A_252 A_255 A_256, 1290 1300 1301 1315 1378 1391 1394 1772 1774 1806 1808 1809 1810 1833 1835 1842 1844
pocket18 ,    18,    1.98,       0.019,         18,         13,   -10.5630,   -35.9874,   -32.6550, A_326 A_327 A_330 A_355 A_416 A_417, 2375 2381 2382 2405 2406 2407 2409 2609 3110 3111 3112 3119 3121
pocket19 ,    19,    1.82,       0.015,         33,         15,    -5.3248,   -34.0328,     6.1746, A_141 A_267 A_269 A_273 A_274 A_277 A_278, 913 915 1935 1953 1958 1990 1993 1996 1998 2002 2021 2022 2023 2026 2027
pocket20 ,    20,    1.80,       0.014,         34,         19,   -13.9472,   -29.9950,    14.3057, A_257 A_258 A_261 A_262 A_276 A_277 A_279 A_280 A_292, 1849 1851 1852 1853 1861 1863 1884 1887 1896 2014 2018 2025 2038 2040 2041 2046 2047 2049 2107
pocket21 ,    21,    1.79,       0.014,         30,         20,   -22.6129,   -10.5171,    -3.1385, A_105 A_106 A_107 A_108 A_109 A_111 A_115 A_119 A_120 A_122 A_230, 618 629 638 641 653 654 658 671 672 702 703 727 731 733 734 735 736 754 757 1629
pocket22 ,    22,    1.76,       0.013,         29,         12,    -0.8149,   -29.2534,    -6.8666, A_138 A_139 A_140 A_446, 891 894 895 896 897 901 902 903 904 3352 3353 3355
pocket23 ,    23,    1.70,       0.012,         32,         19,   -19.7741,   -13.7388,   -33.4423, A_400 A_403 A_404 A_405 A_411 A_412 A_62 A_65 A_66, 268 270 271 272 274 298 300 301 304 305 307 2965 2987 2988 2997 3009 3010 3068 3077
pocket24 ,    24,    1.41,       0.007,         30,         12,   -39.0661,    -7.2135,    -5.5914, A_219 A_222 A_223 A_226 A_229 A_233, 1534 1535 1561 1562 1568 1593 1618 1620 1621 1650 1651 1652
pocket25 ,    25,    1.41,       0.007,         28,         10,   -35.8145,     2.5771,    -9.9382, A_225 A_226 A_228 A_46 A_78, 144 145 409 1581 1583 1591 1594 1595 1612 1613
pocket26 ,    26,    1.28,       0.005,         32,         10,    -2.9680,   -37.5101,   -30.9263, A_334 A_354 A_355 A_417 A_420 A_421, 2444 2597 2606 2608 2610 3120 3121 3148 3150 3154
pocket27 ,    27,    1.16,       0.004,         23,         11,    -2.5810,   -47.7275,   -17.8923, A_338 A_339 A_340 A_343 A_344 A_349 A_352, 2469 2471 2472 2480 2486 2509 2513 2552 2556 2577 2579
pocket28 ,    28,    1.06,       0.003,         11,         12,   -12.1844,    -9.7001,   -30.6553, A_404 A_406 A_407 A_65 A_70 A_85, 297 339 340 341 458 459 460 461 3003 3017 3027 3029
pocket29 ,    29,    1.04,       0.003,         21,          6,    -1.6862,   -11.7548,   -26.1167, A_428 A_430 A_87 A_88 A_91, 475 477 484 507 3216 3233
pocket30 ,    30,    0.69,       0.001,          3,          4,   -16.6457,     2.6925,   -19.5087, A_33 A_38 A_389 A_82, 49 85 442 2885
pocket31 ,    31,    0.67,       0.001,          3,          7,   -25.4737,   -42.1271,   -11.7381, A_155 A_156 A_159 A_175 A_182 A_196, 1023 1025 1026 1058 1181 1238 1339
